{"meta": {"format": 3, "version": "7.13.4", "timestamp": "2026-03-22T22:08:11.324623", "branch_coverage": false, "show_contexts": false}, "files": {"harness_skills/generators/import_convention_detector.py": {"executed_lines": [28, 30, 31, 32, 33, 34, 40, 47, 50, 58, 70, 72, 73, 74, 75, 76, 78, 80, 81, 82, 83, 84, 87, 89, 90, 95, 97, 98, 101, 103, 104, 105, 106, 107, 115, 116, 119, 120, 122, 124, 127, 129, 131, 134, 136, 138, 139, 140, 141, 142, 143, 148, 149, 151, 153, 154, 155, 157, 158, 163, 164, 169, 174, 181, 190, 191, 192, 193, 195, 196, 203, 204, 205, 211, 212, 214, 215, 216, 220, 226, 227, 228, 230, 234, 242, 243, 252, 253, 255, 256, 257, 258, 259, 262, 263, 264, 265, 266, 269, 277, 316, 317, 322, 323, 324, 325, 326, 327, 328, 330, 331, 336, 337, 338, 339, 340, 342, 344, 345, 350, 354, 355, 357, 358, 359, 361, 364, 367, 370, 373, 377, 378, 379, 382, 383, 386, 389, 391, 394, 421, 422, 424, 427, 428, 433, 436, 437, 443, 444, 450, 451, 456, 457, 464, 465, 466, 467, 468, 469, 475, 477], "summary": {"covered_lines": 161, "num_statements": 165, "percent_covered": 97.57575757575758, "percent_covered_display": "98", "missing_lines": 4, "excluded_lines": 0, "percent_statements_covered": 97.57575757575758, "percent_statements_covered_display": "98"}, "missing_lines": [91, 92, 218, 219], "excluded_lines": [], "functions": {"_classify_import": {"executed_lines": [70, 72, 73, 74, 75, 76, 78, 80, 81, 82, 83, 84], "summary": {"covered_lines": 12, "num_statements": 12, "percent_covered": 100.0, "percent_covered_display": "100", "missing_lines": 0, "excluded_lines": 0, "percent_statements_covered": 100.0, "percent_statements_covered_display": "100"}, "missing_lines": [], "excluded_lines": [], "start_line": 58}, "_group_rank": {"executed_lines": [89, 90], "summary": {"covered_lines": 2, "num_statements": 4, "percent_covered": 50.0, "percent_covered_display": "50", "missing_lines": 2, "excluded_lines": 0, "percent_statements_covered": 50.0, "percent_statements_covered_display": "50"}, "missing_lines": [91, 92], "excluded_lines": [], "start_line": 87}, "_is_sorted": {"executed_lines": [97, 98], "summary": {"covered_lines": 2, "num_statements": 2, "percent_covered": 100.0, "percent_covered_display": "100", "missing_lines": 0, "excluded_lines": 0, "percent_statements_covered": 100.0, "percent_statements_covered_display": "100"}, "missing_lines": [], "excluded_lines": [], "start_line": 95}, "_import_sort_key": {"executed_lines": [103, 104, 105, 106, 107], "summary": {"covered_lines": 5, "num_statements": 5, "percent_covered": 100.0, "percent_covered_display": "100", "missing_lines": 0, "excluded_lines": 0, "percent_statements_covered": 100.0, "percent_statements_covered_display": "100"}, "missing_lines": [], "excluded_lines": [], "start_line": 101}, "_analyse_file": {"executed_lines": [136, 138, 139, 140, 141, 142, 143, 148, 149, 151, 153, 154, 155, 157, 158, 163, 164, 169, 174, 181, 190, 191, 192, 193, 195, 196, 203, 204, 205, 211, 212, 214, 215, 216, 220, 226, 227, 228, 230, 234], "summary": {"covered_lines": 40, "num_statements": 42, "percent_covered": 95.23809523809524, "percent_covered_display": "95", "missing_lines": 2, "excluded_lines": 0, "percent_statements_covered": 95.23809523809524, "percent_statements_covered_display": "95"}, "missing_lines": [218, 219], "excluded_lines": [], "start_line": 134}, "detect_import_conventions": {"executed_lines": [316, 317, 322, 323, 324, 325, 326, 327, 328, 330, 331, 336, 337, 338, 339, 340, 342, 344, 345, 350, 354, 355, 357, 358, 359, 361, 364, 367, 370, 373, 377, 378, 379, 382, 383, 386, 389, 391], "summary": {"covered_lines": 38, "num_statements": 38, "percent_covered": 100.0, "percent_covered_display": "100", "missing_lines": 0, "excluded_lines": 0, "percent_statements_covered": 100.0, "percent_statements_covered_display": "100"}, "missing_lines": [], "excluded_lines": [], "start_line": 277}, "generate_import_principle": {"executed_lines": [421, 422, 424, 427, 428, 433, 436, 437, 443, 444, 450, 451, 456, 457, 464, 465, 466, 467, 468, 469, 475, 477], "summary": {"covered_lines": 22, "num_statements": 22, "percent_covered": 100.0, "percent_covered_display": "100", "missing_lines": 0, "excluded_lines": 0, "percent_statements_covered": 100.0, "percent_statements_covered_display": "100"}, "missing_lines": [], "excluded_lines": [], "start_line": 394}, "": {"executed_lines": [28, 30, 31, 32, 33, 34, 40, 47, 50, 58, 87, 95, 101, 115, 116, 119, 120, 122, 124, 127, 129, 131, 134, 242, 243, 252, 253, 255, 256, 257, 258, 259, 262, 263, 264, 265, 266, 269, 277, 394], "summary": {"covered_lines": 40, "num_statements": 40, "percent_covered": 100.0, "percent_covered_display": "100", "missing_lines": 0, "excluded_lines": 0, "percent_statements_covered": 100.0, "percent_statements_covered_display": "100"}, "missing_lines": [], "excluded_lines": [], "start_line": 1}}, "classes": {"_FileStats": {"executed_lines": [], "summary": {"covered_lines": 0, "num_statements": 0, "percent_covered": 100.0, "percent_covered_display": "100", "missing_lines": 0, "excluded_lines": 0, "percent_statements_covered": 100.0, "percent_statements_covered_display": "100"}, "missing_lines": [], "excluded_lines": [], "start_line": 116}, "ImportConventionResult": {"executed_lines": [], "summary": {"covered_lines": 0, "num_statements": 0, "percent_covered": 100.0, "percent_covered_display": "100", "missing_lines": 0, "excluded_lines": 0, "percent_statements_covered": 100.0, "percent_statements_covered_display": "100"}, "missing_lines": [], "excluded_lines": [], "start_line": 243}, "": {"executed_lines": [28, 30, 31, 32, 33, 34, 40, 47, 50, 58, 70, 72, 73, 74, 75, 76, 78, 80, 81, 82, 83, 84, 87, 89, 90, 95, 97, 98, 101, 103, 104, 105, 106, 107, 115, 116, 119, 120, 122, 124, 127, 129, 131, 134, 136, 138, 139, 140, 141, 142, 143, 148, 149, 151, 153, 154, 155, 157, 158, 163, 164, 169, 174, 181, 190, 191, 192, 193, 195, 196, 203, 204, 205, 211, 212, 214, 215, 216, 220, 226, 227, 228, 230, 234, 242, 243, 252, 253, 255, 256, 257, 258, 259, 262, 263, 264, 265, 266, 269, 277, 316, 317, 322, 323, 324, 325, 326, 327, 328, 330, 331, 336, 337, 338, 339, 340, 342, 344, 345, 350, 354, 355, 357, 358, 359, 361, 364, 367, 370, 373, 377, 378, 379, 382, 383, 386, 389, 391, 394, 421, 422, 424, 427, 428, 433, 436, 437, 443, 444, 450, 451, 456, 457, 464, 465, 466, 467, 468, 469, 475, 477], "summary": {"covered_lines": 161, "num_statements": 165, "percent_covered": 97.57575757575758, "percent_covered_display": "98", "missing_lines": 4, "excluded_lines": 0, "percent_statements_covered": 97.57575757575758, "percent_statements_covered_display": "98"}, "missing_lines": [91, 92, 218, 219], "excluded_lines": [], "start_line": 1}}}}, "totals": {"covered_lines": 161, "num_statements": 165, "percent_covered": 97.57575757575758, "percent_covered_display": "98", "missing_lines": 4, "excluded_lines": 0, "percent_statements_covered": 97.57575757575758, "percent_statements_covered_display": "98"}}